indicator,country,unit,2000,2001,2002,2003,2004,2005,2006,2007,2008,2009,2010,2011,2012,2013,2014,2015,2016,2017,2018,2019,2020,2021,2022,2023,sector,2000_z,2001_z,2002_z,2003_z,2004_z,2005_z,2006_z,2007_z,2008_z,2009_z,2010_z,2011_z,2012_z,2013_z,2014_z,2015_z,2016_z,2017_z,2018_z,2019_z,2020_z,2021_z,2022_z,2023_z
Gross_value_added_in_environmental_goods_and_services_sector,Austria,Percentage of gross domestic product (GDP),,,,,,,,,4.59,4.44,4.5,4.3,4.45,4.48,4.34,4.11,4.3,4.36,4.57,4.57,4.7,4.71,4.84,,Other sectors,,0,0,0,0,0,0,0,1.0,1.0,1.0,1.0,0.46,0.47,0.42,0.27,0.3,0.29,0.63,0.6,0.58,0.63,0.52,0
Gross_value_added_in_environmental_goods_and_services_sector,Belgium,Percentage of gross domestic product (GDP),,,,,,,,,,,,,,,1.65,1.69,1.7,1.74,1.79,1.79,1.97,1.92,1.91,,Other sectors,,0,0,0,0,0,0,0,,,,,,,-0.66,-0.63,-0.67,-0.67,-0.53,-0.53,-0.47,-0.46,-0.51,0
Gross_value_added_in_environmental_goods_and_services_sector,Bulgaria,Percentage of gross domestic product (GDP),,,,,,,,,,,,,,2.38,1.92,2.24,2.36,2.36,2.34,2.23,2.49,2.35,2.65,,Other sectors,,0,0,0,0,0,0,0,,,,,,-0.45,-0.55,-0.43,-0.42,-0.44,-0.3,-0.35,-0.27,-0.3,-0.25,0
Gross_value_added_in_environmental_goods_and_services_sector,Croatia,Percentage of gross domestic product (GDP),,,,,,,,,,,,,,,1.58,1.56,1.51,1.48,1.75,1.7,1.77,1.8,1.65,,Other sectors,,0,0,0,0,0,0,0,,,,,,,-0.69,-0.68,-0.74,-0.76,-0.55,-0.57,-0.55,-0.51,-0.6,0
Gross_value_added_in_environmental_goods_and_services_sector,Cyprus,Percentage of gross domestic product (GDP),,,,,,,,,,,,,,,,,,,1.93,1.91,1.76,1.82,1.74,,Other sectors,,0,0,0,0,0,0,0,,,,,,,,,,,-0.47,-0.48,-0.55,-0.5,-0.57,0
Gross_value_added_in_environmental_goods_and_services_sector,Czech Republic,Percentage of gross domestic product (GDP),,,,,,,,,,,,,,,2.55,2.43,2.36,2.28,2.26,2.27,2.73,2.76,2.74,,Other sectors,,0,0,0,0,0,0,0,,,,,,,-0.3,-0.36,-0.42,-0.47,-0.33,-0.33,-0.18,-0.13,-0.21,0
Gross_value_added_in_environmental_goods_and_services_sector,Denmark,Percentage of gross domestic product (GDP),,,,,,,,,,,,,2.81,3.14,2.79,3.0,3.18,3.26,3.28,3.45,3.26,3.37,3.15,,Other sectors,,0,0,0,0,0,0,0,,,,,-0.27,-0.12,-0.2,-0.14,-0.12,-0.11,0.09,0.15,0.02,0.11,-0.07,0
Gross_value_added_in_environmental_goods_and_services_sector,EU,Percentage of gross domestic product (GDP),,1.64,1.66,1.68,1.66,1.64,1.71,1.71,2.8020000000000005,2.446,2.325714285714286,2.49,2.687272727272727,2.7533333333333334,2.3654545454545453,2.4582608695652173,2.4862500000000005,2.4396,2.348888888888889,2.398518518518518,2.5781481481481476,2.6855555555555553,2.8181481481481483,2.65,Other sectors,,0,0,0,0,0,0,0,-0.24,-0.42,-0.45,-0.29,-0.32,-0.29,-0.37,-0.35,-0.37,-0.41,-0.3,-0.28,-0.24,-0.16,-0.19,0
Gross_value_added_in_environmental_goods_and_services_sector,Estonia,Percentage of gross domestic product (GDP),,,,,,,,,,,,,,,3.88,4.35,4.78,4.62,4.46,4.3,4.18,4.68,4.72,,Other sectors,,0,0,0,0,0,0,0,,,,,,,0.24,0.36,0.48,0.38,0.58,0.49,0.38,0.62,0.48,0
Gross_value_added_in_environmental_goods_and_services_sector,Finland,Percentage of gross domestic product (GDP),,,,,,,,,,,,,5.66,5.69,5.78,6.09,6.19,6.31,5.47,5.54,5.8,5.64,6.19,,Other sectors,,0,0,0,0,0,0,0,,,,,1.0,1.0,1.0,1.0,1.0,1.0,1.0,1.0,1.0,1.0,1.0,0
Gross_value_added_in_environmental_goods_and_services_sector,France,Percentage of gross domestic product (GDP),,,,,,,,,1.79,1.88,2.07,2.15,2.28,2.06,2.05,2.04,1.99,2.02,2.1,2.1,2.17,2.31,2.37,,Other sectors,,0,0,0,0,0,0,0,-0.94,-0.82,-0.63,-0.54,-0.51,-0.6,-0.5,-0.5,-0.56,-0.57,-0.4,-0.4,-0.39,-0.31,-0.35,0
Gross_value_added_in_environmental_goods_and_services_sector,Germany,Percentage of gross domestic product (GDP),,,,,,,,,,,,,,,1.79,1.77,1.81,1.88,1.92,1.92,2.2,2.3,2.67,,Other sectors,,0,0,0,0,0,0,0,,,,,,,-0.61,-0.6,-0.63,-0.62,-0.48,-0.48,-0.38,-0.31,-0.24,0
Gross_value_added_in_environmental_goods_and_services_sector,Greece,Percentage of gross domestic product (GDP),,,,,,,,,,,,,,,1.7,1.75,1.71,1.67,1.78,2.03,2.24,2.19,2.96,,Other sectors,,0,0,0,0,0,0,0,,,,,,,-0.64,-0.61,-0.66,-0.69,-0.53,-0.43,-0.37,-0.36,-0.14,0
Gross_value_added_in_environmental_goods_and_services_sector,Hungary,Percentage of gross domestic product (GDP),,,,,,,,,,,,,,,,,,0.83,0.66,0.64,0.59,0.56,0.51,,Other sectors,,0,0,0,0,0,0,0,,,,,,,,,,-1.0,-1.0,-1.0,-1.0,-1.0,-1.0,0
Gross_value_added_in_environmental_goods_and_services_sector,Ireland,Percentage of gross domestic product (GDP),,,,,,,,,,,,,,,0.81,0.69,0.8,0.93,1.0,0.99,0.92,0.88,0.85,,Other sectors,,0,0,0,0,0,0,0,,,,,,,-1.0,-1.0,-1.0,-0.96,-0.86,-0.86,-0.87,-0.87,-0.88,0
Gross_value_added_in_environmental_goods_and_services_sector,Italy,Percentage of gross domestic product (GDP),,,,,,,,,,,,,,,,,2.12,2.19,2.29,2.27,2.43,3.08,4.0,,Other sectors,,0,0,0,0,0,0,0,,,,,,,,,-0.51,-0.5,-0.32,-0.33,-0.29,-0.01,0.23,0
Gross_value_added_in_environmental_goods_and_services_sector,Latvia,Percentage of gross domestic product (GDP),,,,,,,,,,,,,,,2.78,2.88,2.83,2.92,2.28,2.42,2.81,2.94,3.68,,Other sectors,,0,0,0,0,0,0,0,,,,,,,-0.21,-0.19,-0.25,-0.24,-0.33,-0.27,-0.15,-0.06,0.12,0
Gross_value_added_in_environmental_goods_and_services_sector,Lithuania,Percentage of gross domestic product (GDP),,,,,,,,,,,1.76,1.74,1.99,2.05,2.09,2.2,2.31,2.41,2.35,2.64,2.93,3.48,3.45,,Other sectors,,0,0,0,0,0,0,0,,,-0.83,-0.83,-0.63,-0.6,-0.48,-0.44,-0.44,-0.42,-0.3,-0.18,-0.1,0.15,0.04,0
Gross_value_added_in_environmental_goods_and_services_sector,Luxembourg,Percentage of gross domestic product (GDP),,,,,,,,,1.71,1.63,1.77,1.74,1.73,1.76,1.77,1.69,1.86,1.96,2.22,2.7,2.88,2.98,3.35,,Other sectors,,0,0,0,0,0,0,0,-1.0,-1.0,-0.83,-0.83,-0.75,-0.73,-0.61,-0.63,-0.61,-0.59,-0.35,-0.16,-0.12,-0.05,-0.0,0
Gross_value_added_in_environmental_goods_and_services_sector,Malta,Percentage of gross domestic product (GDP),,,,,,,,,,,,,1.17,1.14,1.13,1.11,1.06,0.94,0.91,0.94,0.98,0.87,0.82,,Other sectors,,0,0,0,0,0,0,0,,,,,-1.0,-1.0,-0.87,-0.84,-0.9,-0.96,-0.9,-0.88,-0.85,-0.88,-0.89,0
Gross_value_added_in_environmental_goods_and_services_sector,Netherlands,Percentage of gross domestic product (GDP),,1.64,1.66,1.68,1.66,1.64,1.71,1.71,1.8,1.82,1.93,2.02,1.98,2.04,2.16,2.19,2.24,2.32,2.31,2.4,3.26,3.17,3.56,,Other sectors,,0,0,0,0,0,0,0,-0.94,-0.86,-0.72,-0.63,-0.64,-0.6,-0.46,-0.44,-0.47,-0.46,-0.31,-0.28,0.02,0.03,0.07,0
Gross_value_added_in_environmental_goods_and_services_sector,Poland,Percentage of gross domestic product (GDP),,,,,,,,,,,,,,,2.5,2.48,2.35,2.37,2.18,2.35,2.47,2.46,1.98,,Other sectors,,0,0,0,0,0,0,0,,,,,,,-0.32,-0.34,-0.42,-0.44,-0.37,-0.3,-0.28,-0.25,-0.48,0
Gross_value_added_in_environmental_goods_and_services_sector,Portugal,Percentage of gross domestic product (GDP),,,,,,,,,,,,,,,2.31,2.24,2.3,2.27,2.25,2.2,2.49,3.06,3.36,,Other sectors,,0,0,0,0,0,0,0,,,,,,,-0.4,-0.43,-0.44,-0.47,-0.34,-0.36,-0.27,-0.02,0.0,0
Gross_value_added_in_environmental_goods_and_services_sector,Romania,Percentage of gross domestic product (GDP),,,,,,,,,4.12,2.46,2.74,3.23,2.42,3.39,2.53,2.68,2.5,2.36,2.57,2.49,2.62,2.82,3.1,,Other sectors,,0,0,0,0,0,0,0,0.67,-0.41,-0.18,0.24,-0.44,-0.01,-0.31,-0.26,-0.37,-0.44,-0.21,-0.24,-0.22,-0.11,-0.09,0
Gross_value_added_in_environmental_goods_and_services_sector,Slovakia,Percentage of gross domestic product (GDP),,,,,,,,,,,,,,,,,,,1.24,1.2,1.61,1.87,1.68,,Other sectors,,0,0,0,0,0,0,0,,,,,,,,,,,-0.76,-0.77,-0.61,-0.48,-0.59,0
Gross_value_added_in_environmental_goods_and_services_sector,Slovenia,Percentage of gross domestic product (GDP),,,,,,,,,,,1.51,1.5,1.72,1.68,1.8,1.57,1.69,1.59,1.64,1.6,1.73,1.52,1.34,,Other sectors,,0,0,0,0,0,0,0,,,-1.0,-1.0,-0.76,-0.76,-0.6,-0.67,-0.67,-0.72,-0.59,-0.61,-0.56,-0.62,-0.71,0
Gross_value_added_in_environmental_goods_and_services_sector,Spain,Percentage of gross domestic product (GDP),,,,,,,,,,,,,,,2.13,2.28,2.2,2.22,2.32,2.23,2.71,2.98,2.97,2.65,Other sectors,,0,0,0,0,0,0,0,,,,,,,-0.47,-0.41,-0.48,-0.49,-0.31,-0.35,-0.19,-0.05,-0.13,0
Gross_value_added_in_environmental_goods_and_services_sector,Sweden,Percentage of gross domestic product (GDP),,,,,,,,,,,,3.24,3.35,3.23,,3.5,3.52,3.7,3.55,3.88,3.91,3.99,3.85,,Other sectors,,0,0,0,0,0,0,0,,,,0.24,-0.03,-0.08,,0.04,0.01,0.05,0.2,0.32,0.27,0.35,0.18,0
